tracker,class_name,duration_frames,num_hits,max_confidence
bytetrack,Pothole,1,1,0.7098
bytetrack,Pothole,1,1,0.2718
bytetrack,Longitudinal Crack,1,1,0.2805
bytetrack,Longitudinal Crack,1,1,0.5738
bytetrack,Transverse Crack,1,1,0.3251
bytetrack,Pothole,1,1,0.2862
bytetrack,Transverse Crack,1,1,0.2739
bytetrack,Longitudinal Crack,1,1,0.2666
bytetrack,Longitudinal Crack,1,1,0.3454
bytetrack,Longitudinal Crack,1,1,0.6029
bytetrack,Pothole,1,1,0.4681
bytetrack,Longitudinal Crack,1,1,0.3555
bytetrack,Alligator Crack,1,1,0.447
bytetrack,Pothole,1,1,0.4183
bytetrack,Pothole,1,1,0.2883
bytetrack,Pothole,1,1,0.284
bytetrack,Longitudinal Crack,1,1,0.2643
bytetrack,Pothole,1,1,0.2518
bytetrack,Longitudinal Crack,1,1,0.3025
bytetrack,Longitudinal Crack,1,1,0.2859
bytetrack,Longitudinal Crack,1,1,0.3845
bytetrack,Pothole,1,1,0.5066
bytetrack,Pothole,1,1,0.4378
bytetrack,Longitudinal Crack,1,1,0.5393
bytetrack,Longitudinal Crack,1,1,0.4022
bytetrack,Longitudinal Crack,1,1,0.6044
bytetrack,Longitudinal Crack,1,1,0.7225
bytetrack,Longitudinal Crack,1,1,0.3538
bytetrack,Longitudinal Crack,2,2,0.7104
bytetrack,Longitudinal Crack,1,1,0.2661
bytetrack,Longitudinal Crack,1,1,0.5562
bytetrack,Longitudinal Crack,1,1,0.2616
bytetrack,Pothole,1,1,0.3629
bytetrack,Longitudinal Crack,1,1,0.2572
bytetrack,Longitudinal Crack,1,1,0.2568
bytetrack,Transverse Crack,1,1,0.3947
bytetrack,Alligator Crack,1,1,0.4525
bytetrack,Longitudinal Crack,1,1,0.6231
bytetrack,Pothole,1,1,0.2904
bytetrack,Transverse Crack,1,1,0.2632
bytetrack,Pothole,1,1,0.2606
bytetrack,Pothole,1,1,0.3957
bytetrack,Pothole,1,1,0.4161
bytetrack,Pothole,1,1,0.3356
bytetrack,Longitudinal Crack,1,1,0.3195
bytetrack,Pothole,1,1,0.3942
bytetrack,Longitudinal Crack,1,1,0.2962
bytetrack,Longitudinal Crack,1,1,0.2652
bytetrack,Longitudinal Crack,1,1,0.5091
bytetrack,Longitudinal Crack,1,1,0.7148
bytetrack,Longitudinal Crack,1,1,0.3421
bytetrack,Pothole,1,1,0.3221
bytetrack,Pothole,8,6,0.7656
bytetrack,Alligator Crack,4,3,0.7359
bytetrack,Alligator Crack,1,1,0.2727
bytetrack,Pothole,1,1,0.2734
bytetrack,Pothole,1,1,0.6293
bytetrack,Pothole,1,1,0.459
bytetrack,Pothole,1,1,0.2856
bytetrack,Pothole,1,1,0.2723
bytetrack,Pothole,1,1,0.7161
bytetrack,Longitudinal Crack,1,1,0.53
bytetrack,Transverse Crack,1,1,0.283
bytetrack,Pothole,1,1,0.2663
bytetrack,Longitudinal Crack,1,1,0.3915
bytetrack,Pothole,1,1,0.2786
bytetrack,Longitudinal Crack,1,1,0.3197
bytetrack,Pothole,1,1,0.5341
bytetrack,Pothole,1,1,0.488
bytetrack,Pothole,1,1,0.4267
bytetrack,Pothole,1,1,0.2892
bytetrack,Pothole,1,1,0.3019
bytetrack,Pothole,1,1,0.2873
bytetrack,Pothole,1,1,0.2842
bytetrack,Pothole,1,1,0.4302
bytetrack,Transverse Crack,1,1,0.2781
bytetrack,Pothole,1,1,0.3957
bytetrack,Pothole,1,1,0.5599
bytetrack,Transverse Crack,1,1,0.3901
bytetrack,Pothole,1,1,0.4427
bytetrack,Transverse Crack,1,1,0.4807
bytetrack,Alligator Crack,1,1,0.2702
bytetrack,Pothole,1,1,0.517
bytetrack,Pothole,1,1,0.4578
bytetrack,Pothole,1,1,0.2828
bytetrack,Pothole,1,1,0.3118
bytetrack,Pothole,1,1,0.4538
bytetrack,Longitudinal Crack,1,1,0.3222
bytetrack,Transverse Crack,1,1,0.3075
bytetrack,Longitudinal Crack,1,1,0.2634
bytetrack,Pothole,1,1,0.5186
bytetrack,Longitudinal Crack,1,1,0.2814
bytetrack,Pothole,1,1,0.3613
bytetrack,Pothole,1,1,0.3003
bytetrack,Longitudinal Crack,1,1,0.3666
bytetrack,Pothole,1,1,0.5141
bytetrack,Pothole,2,2,0.7478
bytetrack,Pothole,1,1,0.2843
bytetrack,Pothole,1,1,0.5608
bytetrack,Pothole,1,1,0.4803
bytetrack,Pothole,1,1,0.3808
bytetrack,Transverse Crack,1,1,0.3321
bytetrack,Pothole,1,1,0.5539
bytetrack,Longitudinal Crack,1,1,0.3608
bytetrack,Pothole,1,1,0.4999
bytetrack,Pothole,1,1,0.6095
bytetrack,Pothole,3,3,0.7642
bytetrack,Pothole,1,1,0.2717
bytetrack,Transverse Crack,1,1,0.3273
bytetrack,Pothole,1,1,0.4193
bytetrack,Longitudinal Crack,1,1,0.3169
bytetrack,Pothole,1,1,0.3414
bytetrack,Pothole,2,2,0.4715
bytetrack,Pothole,1,1,0.4429
bytetrack,Pothole,46,2,0.737
bytetrack,Pothole,1,1,0.2618
bytetrack,Pothole,1,1,0.3904
bytetrack,Pothole,1,1,0.5714
bytetrack,Pothole,1,1,0.2961
bytetrack,Longitudinal Crack,1,1,0.3009
bytetrack,Longitudinal Crack,1,1,0.5463
bytetrack,Longitudinal Crack,1,1,0.5855
bytetrack,Longitudinal Crack,1,1,0.2507
bytetrack,Pothole,1,1,0.3835
bytetrack,Longitudinal Crack,1,1,0.7515
bytetrack,Longitudinal Crack,1,1,0.2727
bytetrack,Longitudinal Crack,1,1,0.5205
bytetrack,Longitudinal Crack,1,1,0.576
bytetrack,Longitudinal Crack,1,1,0.3455
bytetrack,Longitudinal Crack,1,1,0.3993
bytetrack,Longitudinal Crack,1,1,0.3858
bytetrack,Alligator Crack,1,1,0.3221
bytetrack,Pothole,1,1,0.4781
bytetrack,Pothole,1,1,0.2655
bytetrack,Transverse Crack,1,1,0.2935
bytetrack,Pothole,1,1,0.4173
bytetrack,Pothole,1,1,0.2849
bytetrack,Longitudinal Crack,1,1,0.2793
bytetrack,Longitudinal Crack,1,1,0.2511
bytetrack,Pothole,1,1,0.2514
bytetrack,Longitudinal Crack,1,1,0.2795
bytetrack,Pothole,1,1,0.2724
bytetrack,Longitudinal Crack,1,1,0.3995
bytetrack,Pothole,1,1,0.6091
bytetrack,Pothole,1,1,0.5846
bytetrack,Pothole,1,1,0.6271
bytetrack,Longitudinal Crack,1,1,0.3624
bytetrack,Transverse Crack,1,1,0.3047
bytetrack,Transverse Crack,1,1,0.2747
bytetrack,Longitudinal Crack,1,1,0.6375
bytetrack,Longitudinal Crack,1,1,0.3625
bytetrack,Longitudinal Crack,1,1,0.7923
bytetrack,Longitudinal Crack,1,1,0.5385
bytetrack,Longitudinal Crack,1,1,0.3068
bytetrack,Pothole,1,1,0.2889
bytetrack,Pothole,1,1,0.547
bytetrack,Pothole,1,1,0.3235
bytetrack,Longitudinal Crack,1,1,0.3586
bytetrack,Pothole,1,1,0.3137
bytetrack,Pothole,1,1,0.3575
bytetrack,Pothole,1,1,0.4347
bytetrack,Pothole,1,1,0.35
bytetrack,Pothole,1,1,0.354
bytetrack,Longitudinal Crack,1,1,0.5503
bytetrack,Pothole,1,1,0.4702
bytetrack,Pothole,1,1,0.2994
bytetrack,Pothole,1,1,0.3385
bytetrack,Pothole,1,1,0.3375
bytetrack,Pothole,1,1,0.5966
bytetrack,Pothole,1,1,0.2936
bytetrack,Longitudinal Crack,1,1,0.3044
bytetrack,Transverse Crack,1,1,0.2726
bytetrack,Pothole,1,1,0.2715
bytetrack,Pothole,1,1,0.301
bytetrack,Pothole,1,1,0.2722
bytetrack,Longitudinal Crack,1,1,0.487
bytetrack,Longitudinal Crack,1,1,0.2713
bytetrack,Pothole,1,1,0.2664
bytetrack,Pothole,1,1,0.488
bytetrack,Pothole,1,1,0.2632
bytetrack,Pothole,1,1,0.5205
bytetrack,Alligator Crack,1,1,0.2506
bytetrack,Longitudinal Crack,1,1,0.2896
bytetrack,Pothole,1,1,0.4994
bytetrack,Pothole,1,1,0.3458
bytetrack,Pothole,1,1,0.319
bytetrack,Pothole,1,1,0.4113
bytetrack,Pothole,1,1,0.3813
bytetrack,Pothole,1,1,0.2648
bytetrack,Pothole,1,1,0.5167
bytetrack,Pothole,1,1,0.328
bytetrack,Longitudinal Crack,1,1,0.4771
bytetrack,Longitudinal Crack,1,1,0.2727
bytetrack,Pothole,1,1,0.3046
bytetrack,Longitudinal Crack,1,1,0.3008
bytetrack,Longitudinal Crack,1,1,0.286
bytetrack,Pothole,1,1,0.3236
bytetrack,Pothole,1,1,0.4835
bytetrack,Pothole,1,1,0.3723
bytetrack,Alligator Crack,1,1,0.3223
bytetrack,Pothole,1,1,0.3187
bytetrack,Pothole,1,1,0.3193
bytetrack,Pothole,1,1,0.5178
bytetrack,Pothole,1,1,0.5194
bytetrack,Alligator Crack,1,1,0.3772
bytetrack,Alligator Crack,1,1,0.2564
bytetrack,Longitudinal Crack,1,1,0.5387
bytetrack,Pothole,1,1,0.3821
bytetrack,Pothole,1,1,0.5086
bytetrack,Longitudinal Crack,1,1,0.2891
bytetrack,Longitudinal Crack,1,1,0.3516
bytetrack,Longitudinal Crack,1,1,0.5041
bytetrack,Pothole,1,1,0.7433
bytetrack,Pothole,2,2,0.5429
bytetrack,Longitudinal Crack,1,1,0.5541
bytetrack,Longitudinal Crack,1,1,0.4512
bytetrack,Longitudinal Crack,1,1,0.3398
bytetrack,Alligator Crack,1,1,0.3029
bytetrack,Longitudinal Crack,1,1,0.5995
bytetrack,Transverse Crack,1,1,0.3163
bytetrack,Transverse Crack,1,1,0.3953
bytetrack,Pothole,1,1,0.4556
bytetrack,Pothole,1,1,0.2827
bytetrack,Pothole,1,1,0.4604
bytetrack,Pothole,3,3,0.5927
bytetrack,Pothole,1,1,0.7709
bytetrack,Longitudinal Crack,1,1,0.2505
bytetrack,Pothole,1,1,0.2567
bytetrack,Pothole,1,1,0.5489
bytetrack,Pothole,1,1,0.2502
bytetrack,Pothole,1,1,0.4239
bytetrack,Longitudinal Crack,1,1,0.3281
bytetrack,Pothole,1,1,0.5353
bytetrack,Longitudinal Crack,4,4,0.6255
bytetrack,Pothole,1,1,0.3011
bytetrack,Pothole,1,1,0.2797
bytetrack,Pothole,1,1,0.4075
bytetrack,Pothole,1,1,0.5315
bytetrack,Pothole,1,1,0.4451
bytetrack,Pothole,2,2,0.6022
bytetrack,Pothole,1,1,0.3292
bytetrack,Longitudinal Crack,1,1,0.2769
bytetrack,Alligator Crack,1,1,0.3442
bytetrack,Pothole,1,1,0.2688
bytetrack,Alligator Crack,1,1,0.5745
bytetrack,Longitudinal Crack,10,2,0.6252
bytetrack,Longitudinal Crack,1,1,0.4078
bytetrack,Pothole,1,1,0.3058
bytetrack,Longitudinal Crack,1,1,0.2578
bytetrack,Longitudinal Crack,1,1,0.4093
bytetrack,Longitudinal Crack,1,1,0.2638
bytetrack,Pothole,1,1,0.281
bytetrack,Pothole,1,1,0.4039
bytetrack,Longitudinal Crack,1,1,0.6605
bytetrack,Pothole,1,1,0.6763
bytetrack,Pothole,1,1,0.323
bytetrack,Pothole,2,2,0.6661
bytetrack,Pothole,1,1,0.2575
bytetrack,Longitudinal Crack,1,1,0.3719
bytetrack,Longitudinal Crack,1,1,0.6325
bytetrack,Pothole,1,1,0.4793
bytetrack,Longitudinal Crack,1,1,0.5484
bytetrack,Longitudinal Crack,1,1,0.548
bytetrack,Longitudinal Crack,1,1,0.3276
bytetrack,Longitudinal Crack,1,1,0.2743
bytetrack,Longitudinal Crack,1,1,0.5659
bytetrack,Pothole,1,1,0.2765
bytetrack,Pothole,1,1,0.3051
bytetrack,Pothole,1,1,0.2962
bytetrack,Longitudinal Crack,1,1,0.2886
bytetrack,Pothole,1,1,0.4352
bytetrack,Longitudinal Crack,1,1,0.6854
bytetrack,Longitudinal Crack,1,1,0.39
bytetrack,Longitudinal Crack,1,1,0.4092
bytetrack,Longitudinal Crack,1,1,0.2785
bytetrack,Longitudinal Crack,1,1,0.2758
bytetrack,Alligator Crack,1,1,0.434
bytetrack,Pothole,1,1,0.2758
bytetrack,Longitudinal Crack,1,1,0.3418
bytetrack,Longitudinal Crack,1,1,0.2602
bytetrack,Longitudinal Crack,1,1,0.5379
bytetrack,Longitudinal Crack,1,1,0.7409
bytetrack,Alligator Crack,1,1,0.5181
bytetrack,Longitudinal Crack,1,1,0.425
bytetrack,Alligator Crack,11,8,0.6722
bytetrack,Alligator Crack,1,1,0.2785
bytetrack,Pothole,1,1,0.2881
bytetrack,Pothole,6,2,0.5688
bytetrack,Longitudinal Crack,1,1,0.2704
bytetrack,Longitudinal Crack,1,1,0.4623
bytetrack,Longitudinal Crack,1,1,0.3593
bytetrack,Alligator Crack,1,1,0.2678
bytetrack,Pothole,1,1,0.3006
bytetrack,Pothole,1,1,0.2848
bytetrack,Pothole,1,1,0.2643
bytetrack,Pothole,1,1,0.4458
bytetrack,Longitudinal Crack,1,1,0.5106
bytetrack,Pothole,1,1,0.3036
bytetrack,Alligator Crack,26,7,0.6297
bytetrack,Longitudinal Crack,1,1,0.3019
bytetrack,Pothole,1,1,0.6642
bytetrack,Alligator Crack,1,1,0.4026
bytetrack,Longitudinal Crack,1,1,0.317
bytetrack,Longitudinal Crack,1,1,0.4727
bytetrack,Longitudinal Crack,1,1,0.4697
bytetrack,Longitudinal Crack,1,1,0.4535
bytetrack,Longitudinal Crack,1,1,0.6177
bytetrack,Longitudinal Crack,1,1,0.2536
bytetrack,Longitudinal Crack,1,1,0.2591
bytetrack,Longitudinal Crack,1,1,0.4825
bytetrack,Longitudinal Crack,2,2,0.504
bytetrack,Longitudinal Crack,1,1,0.7228
bytetrack,Alligator Crack,1,1,0.2683
bytetrack,Pothole,1,1,0.3193
bytetrack,Longitudinal Crack,1,1,0.2914
bytetrack,Longitudinal Crack,1,1,0.2749
bytetrack,Pothole,1,1,0.4692
bytetrack,Longitudinal Crack,1,1,0.6832
bytetrack,Pothole,1,1,0.5356
bytetrack,Longitudinal Crack,1,1,0.29
bytetrack,Longitudinal Crack,1,1,0.4332
bytetrack,Pothole,1,1,0.5133
bytetrack,Pothole,1,1,0.3232
bytetrack,Longitudinal Crack,1,1,0.2545
bytetrack,Longitudinal Crack,1,1,0.3339
bytetrack,Alligator Crack,1,1,0.4757
bytetrack,Longitudinal Crack,1,1,0.2514
bytetrack,Pothole,1,1,0.2529
bytetrack,Pothole,1,1,0.2619
bytetrack,Longitudinal Crack,1,1,0.3425
bytetrack,Alligator Crack,1,1,0.3583
bytetrack,Alligator Crack,1,1,0.3058
bytetrack,Alligator Crack,1,1,0.4062
bytetrack,Longitudinal Crack,1,1,0.5067
bytetrack,Longitudinal Crack,1,1,0.3988
bytetrack,Longitudinal Crack,1,1,0.2619
bytetrack,Longitudinal Crack,1,1,0.4291
bytetrack,Longitudinal Crack,1,1,0.6495
bytetrack,Longitudinal Crack,1,1,0.7589
bytetrack,Longitudinal Crack,1,1,0.3901
bytetrack,Transverse Crack,1,1,0.2723
bytetrack,Pothole,1,1,0.3629
bytetrack,Longitudinal Crack,1,1,0.5248
bytetrack,Longitudinal Crack,1,1,0.4442
bytetrack,Pothole,1,1,0.2909
bytetrack,Longitudinal Crack,1,1,0.6017
bytetrack,Pothole,7,6,0.8387
bytetrack,Longitudinal Crack,1,1,0.5807
bytetrack,Longitudinal Crack,1,1,0.3333
bytetrack,Alligator Crack,1,1,0.366
bytetrack,Alligator Crack,1,1,0.2917
bytetrack,Pothole,1,1,0.3806
bytetrack,Longitudinal Crack,1,1,0.2714
bytetrack,Longitudinal Crack,1,1,0.508
bytetrack,Longitudinal Crack,1,1,0.6454
bytetrack,Longitudinal Crack,1,1,0.3651
bytetrack,Longitudinal Crack,1,1,0.4118
bytetrack,Transverse Crack,1,1,0.349
bytetrack,Alligator Crack,1,1,0.7655
bytetrack,Alligator Crack,2,2,0.5915
bytetrack,Pothole,2,2,0.4538
bytetrack,Pothole,1,1,0.4328
bytetrack,Alligator Crack,1,1,0.4431
bytetrack,Alligator Crack,1,1,0.4695
bytetrack,Alligator Crack,1,1,0.3505
bytetrack,Alligator Crack,1,1,0.2939
bytetrack,Longitudinal Crack,1,1,0.6485
bytetrack,Longitudinal Crack,1,1,0.7366
bytetrack,Pothole,1,1,0.408
bytetrack,Alligator Crack,1,1,0.2854
bytetrack,Alligator Crack,122,51,0.7411
bytetrack,Pothole,1,1,0.3077
bytetrack,Pothole,98,13,0.7795
bytetrack,Alligator Crack,1,1,0.275
bytetrack,Alligator Crack,1,1,0.3837
bytetrack,Alligator Crack,1,1,0.276
bytetrack,Pothole,1,1,0.2787
bytetrack,Longitudinal Crack,1,1,0.5285
bytetrack,Longitudinal Crack,1,1,0.5092
bytetrack,Longitudinal Crack,1,1,0.43
bytetrack,Pothole,1,1,0.5981
bytetrack,Pothole,1,1,0.7143
bytetrack,Pothole,1,1,0.5201
bytetrack,Pothole,1,1,0.434
bytetrack,Longitudinal Crack,1,1,0.2599
bytetrack,Longitudinal Crack,2,2,0.6249
bytetrack,Pothole,1,1,0.3291
bytetrack,Alligator Crack,1,1,0.3073
bytetrack,Alligator Crack,1,1,0.2949
bytetrack,Alligator Crack,1,1,0.3062
bytetrack,Transverse Crack,1,1,0.2683
bytetrack,Longitudinal Crack,1,1,0.3962
bytetrack,Transverse Crack,1,1,0.2885
bytetrack,Pothole,1,1,0.3555
bytetrack,Pothole,1,1,0.4334
bytetrack,Transverse Crack,1,1,0.2595
bytetrack,Alligator Crack,1,1,0.3407
bytetrack,Pothole,1,1,0.3132
bytetrack,Pothole,1,1,0.2631
bytetrack,Pothole,1,1,0.3294
bytetrack,Pothole,1,1,0.3395
bytetrack,Pothole,1,1,0.5081
bytetrack,Longitudinal Crack,1,1,0.2885
bytetrack,Pothole,1,1,0.4806
bytetrack,Longitudinal Crack,1,1,0.346
bytetrack,Longitudinal Crack,1,1,0.2979
bytetrack,Longitudinal Crack,1,1,0.4543
bytetrack,Pothole,1,1,0.4499
bytetrack,Pothole,1,1,0.4309
bytetrack,Pothole,1,1,0.2632
bytetrack,Pothole,1,1,0.4081
bytetrack,Pothole,1,1,0.5144
bytetrack,Longitudinal Crack,1,1,0.2554
bytetrack,Pothole,1,1,0.2506
bytetrack,Alligator Crack,21,4,0.4923
bytetrack,Pothole,31,7,0.5081
bytetrack,Pothole,1,1,0.4455
bytetrack,Transverse Crack,1,1,0.2695
bytetrack,Longitudinal Crack,1,1,0.277
bytetrack,Longitudinal Crack,1,1,0.2788
bytetrack,Longitudinal Crack,1,1,0.272
bytetrack,Longitudinal Crack,1,1,0.327
bytetrack,Longitudinal Crack,1,1,0.3124
bytetrack,Longitudinal Crack,1,1,0.2752
bytetrack,Longitudinal Crack,1,1,0.5488
bytetrack,Longitudinal Crack,1,1,0.4449
bytetrack,Alligator Crack,1,1,0.259
bytetrack,Longitudinal Crack,1,1,0.5637
bytetrack,Longitudinal Crack,1,1,0.5114
bytetrack,Longitudinal Crack,1,1,0.3095
bytetrack,Longitudinal Crack,1,1,0.2741
bytetrack,Longitudinal Crack,1,1,0.7931
bytetrack,Pothole,1,1,0.4097
bytetrack,Pothole,1,1,0.3126
bytetrack,Pothole,1,1,0.3909
bytetrack,Pothole,1,1,0.275
bytetrack,Longitudinal Crack,1,1,0.4043
bytetrack,Longitudinal Crack,1,1,0.2795
bytetrack,Longitudinal Crack,1,1,0.3367
bytetrack,Longitudinal Crack,1,1,0.3209
bytetrack,Longitudinal Crack,1,1,0.4057
bytetrack,Longitudinal Crack,1,1,0.6567
bytetrack,Longitudinal Crack,2,2,0.539
bytetrack,Longitudinal Crack,1,1,0.565
bytetrack,Longitudinal Crack,1,1,0.4411
bytetrack,Longitudinal Crack,3,3,0.7201
bytetrack,Pothole,1,1,0.3103
bytetrack,Pothole,1,1,0.3454
bytetrack,Longitudinal Crack,1,1,0.388
bytetrack,Longitudinal Crack,1,1,0.3513
bytetrack,Transverse Crack,1,1,0.2942
bytetrack,Alligator Crack,1,1,0.6471
bytetrack,Alligator Crack,1,1,0.495
bytetrack,Alligator Crack,12,2,0.4924
bytetrack,Longitudinal Crack,1,1,0.5278
bytetrack,Longitudinal Crack,1,1,0.2814
bytetrack,Longitudinal Crack,1,1,0.6472
bytetrack,Longitudinal Crack,1,1,0.4696
bytetrack,Alligator Crack,1,1,0.2958
bytetrack,Longitudinal Crack,1,1,0.5722
bytetrack,Longitudinal Crack,1,1,0.2513
bytetrack,Longitudinal Crack,1,1,0.5781
bytetrack,Longitudinal Crack,1,1,0.425
bytetrack,Longitudinal Crack,1,1,0.3713
bytetrack,Pothole,1,1,0.3719
bytetrack,Pothole,1,1,0.31
bytetrack,Longitudinal Crack,1,1,0.398
bytetrack,Longitudinal Crack,1,1,0.3356
bytetrack,Longitudinal Crack,1,1,0.3248
bytetrack,Longitudinal Crack,1,1,0.376
bytetrack,Longitudinal Crack,1,1,0.4694
bytetrack,Pothole,1,1,0.5731
bytetrack,Longitudinal Crack,1,1,0.3441
bytetrack,Longitudinal Crack,1,1,0.4529
bytetrack,Longitudinal Crack,1,1,0.4013
bytetrack,Longitudinal Crack,1,1,0.364
bytetrack,Longitudinal Crack,1,1,0.3092
bytetrack,Alligator Crack,1,1,0.2756
bytetrack,Longitudinal Crack,1,1,0.508
bytetrack,Longitudinal Crack,1,1,0.3105
bytetrack,Alligator Crack,1,1,0.266
bytetrack,Longitudinal Crack,3,3,0.705
bytetrack,Pothole,1,1,0.6156
bytetrack,Pothole,1,1,0.2996
bytetrack,Alligator Crack,1,1,0.3297
bytetrack,Pothole,1,1,0.6025
bytetrack,Longitudinal Crack,1,1,0.2549
bytetrack,Longitudinal Crack,1,1,0.2992
bytetrack,Longitudinal Crack,1,1,0.2881
bytetrack,Alligator Crack,1,1,0.3468
bytetrack,Longitudinal Crack,1,1,0.2663
bytetrack,Longitudinal Crack,1,1,0.4107
bytetrack,Longitudinal Crack,1,1,0.615
bytetrack,Pothole,1,1,0.3523
bytetrack,Pothole,1,1,0.3339
bytetrack,Pothole,1,1,0.5919
bytetrack,Pothole,1,1,0.2711
bytetrack,Pothole,1,1,0.6091
bytetrack,Longitudinal Crack,1,1,0.6637
bytetrack,Pothole,1,1,0.2674
bytetrack,Pothole,1,1,0.2787
bytetrack,Alligator Crack,1,1,0.3383
bytetrack,Alligator Crack,1,1,0.4795
bytetrack,Alligator Crack,7,4,0.6469
bytetrack,Pothole,1,1,0.2928
bytetrack,Pothole,1,1,0.3887
bytetrack,Alligator Crack,1,1,0.2773
bytetrack,Alligator Crack,1,1,0.4224
bytetrack,Longitudinal Crack,1,1,0.4191
bytetrack,Alligator Crack,1,1,0.306
bytetrack,Alligator Crack,1,1,0.2689
bytetrack,Alligator Crack,1,1,0.5355
bytetrack,Alligator Crack,40,17,0.6932
bytetrack,Alligator Crack,1,1,0.2711
bytetrack,Alligator Crack,1,1,0.3347
bytetrack,Alligator Crack,1,1,0.2701
bytetrack,Alligator Crack,1,1,0.2749
bytetrack,Pothole,1,1,0.3019
bytetrack,Pothole,1,1,0.4739
bytetrack,Pothole,1,1,0.358
bytetrack,Alligator Crack,1,1,0.3347
bytetrack,Pothole,1,1,0.4712
bytetrack,Pothole,1,1,0.3213
bytetrack,Pothole,1,1,0.3868
bytetrack,Pothole,1,1,0.4389
bytetrack,Pothole,1,1,0.441
bytetrack,Pothole,1,1,0.3723
bytetrack,Alligator Crack,1,1,0.2975
bytetrack,Pothole,1,1,0.3106
bytetrack,Alligator Crack,1,1,0.3069
bytetrack,Alligator Crack,1,1,0.2767
bytetrack,Pothole,1,1,0.2545
bytetrack,Longitudinal Crack,1,1,0.3498
bytetrack,Pothole,1,1,0.3212
bytetrack,Pothole,1,1,0.3563
bytetrack,Pothole,3,2,0.4968
bytetrack,Pothole,1,1,0.3502
bytetrack,Pothole,1,1,0.3284
bytetrack,Alligator Crack,1,1,0.2905
bytetrack,Alligator Crack,1,1,0.3773
bytetrack,Longitudinal Crack,1,1,0.3607
bytetrack,Transverse Crack,1,1,0.2566
bytetrack,Longitudinal Crack,1,1,0.2689
bytetrack,Pothole,2,2,0.5716
bytetrack,Longitudinal Crack,1,1,0.4931
bytetrack,Alligator Crack,1,1,0.3182
bytetrack,Alligator Crack,1,1,0.3107
bytetrack,Pothole,1,1,0.3338
bytetrack,Alligator Crack,1,1,0.3558
bytetrack,Pothole,1,1,0.2623
bytetrack,Alligator Crack,1,1,0.2911
bytetrack,Longitudinal Crack,1,1,0.3719
bytetrack,Longitudinal Crack,1,1,0.3146
bytetrack,Longitudinal Crack,1,1,0.4532
bytetrack,Longitudinal Crack,1,1,0.3576
bytetrack,Longitudinal Crack,1,1,0.2912
bytetrack,Longitudinal Crack,1,1,0.5894
bytetrack,Longitudinal Crack,1,1,0.3122
bytetrack,Alligator Crack,1,1,0.2895
bytetrack,Pothole,1,1,0.253
bytetrack,Pothole,2,2,0.5657
bytetrack,Longitudinal Crack,1,1,0.6417
bytetrack,Transverse Crack,1,1,0.3238
bytetrack,Longitudinal Crack,1,1,0.7091
bytetrack,Longitudinal Crack,1,1,0.3428
bytetrack,Longitudinal Crack,1,1,0.2648
bytetrack,Longitudinal Crack,1,1,0.2553
bytetrack,Pothole,1,1,0.5309
bytetrack,Pothole,1,1,0.3709
bytetrack,Pothole,1,1,0.5668
bytetrack,Pothole,1,1,0.5129
bytetrack,Longitudinal Crack,4,3,0.5124
bytetrack,Pothole,1,1,0.3805
bytetrack,Longitudinal Crack,1,1,0.4709
bytetrack,Pothole,1,1,0.2981
bytetrack,Longitudinal Crack,1,1,0.5296
bytetrack,Pothole,1,1,0.285
bytetrack,Pothole,1,1,0.6719
bytetrack,Alligator Crack,1,1,0.2748
bytetrack,Alligator Crack,1,1,0.5496
bytetrack,Alligator Crack,1,1,0.3856
bytetrack,Alligator Crack,1,1,0.4852
botsort,Pothole,1,1,0.7098
botsort,Pothole,1,1,0.2718
botsort,Longitudinal Crack,1,1,0.2805
botsort,Longitudinal Crack,1,1,0.5738
botsort,Transverse Crack,1,1,0.3251
botsort,Pothole,1,1,0.2862
botsort,Transverse Crack,1,1,0.2739
botsort,Longitudinal Crack,1,1,0.2666
botsort,Longitudinal Crack,1,1,0.3454
botsort,Longitudinal Crack,1,1,0.6029
botsort,Pothole,1,1,0.4681
botsort,Longitudinal Crack,1,1,0.3555
botsort,Longitudinal Crack,1,1,0.3128
botsort,Alligator Crack,1,1,0.447
botsort,Pothole,1,1,0.4183
botsort,Pothole,1,1,0.2883
botsort,Pothole,1,1,0.284
botsort,Longitudinal Crack,1,1,0.2643
botsort,Pothole,1,1,0.2518
botsort,Longitudinal Crack,1,1,0.3025
botsort,Longitudinal Crack,1,1,0.2859
botsort,Longitudinal Crack,1,1,0.3845
botsort,Pothole,1,1,0.5066
botsort,Longitudinal Crack,1,1,0.5393
botsort,Longitudinal Crack,1,1,0.4022
botsort,Longitudinal Crack,1,1,0.6044
botsort,Longitudinal Crack,1,1,0.7225
botsort,Longitudinal Crack,1,1,0.3538
botsort,Longitudinal Crack,2,2,0.7104
botsort,Longitudinal Crack,1,1,0.2661
botsort,Longitudinal Crack,1,1,0.5562
botsort,Longitudinal Crack,1,1,0.2616
botsort,Pothole,1,1,0.3629
botsort,Longitudinal Crack,1,1,0.2572
botsort,Longitudinal Crack,1,1,0.2568
botsort,Transverse Crack,1,1,0.3947
botsort,Alligator Crack,1,1,0.4525
botsort,Longitudinal Crack,1,1,0.6231
botsort,Pothole,1,1,0.2904
botsort,Transverse Crack,1,1,0.2632
botsort,Pothole,1,1,0.2606
botsort,Pothole,1,1,0.3957
botsort,Pothole,1,1,0.4161
botsort,Pothole,1,1,0.3356
botsort,Longitudinal Crack,1,1,0.3195
botsort,Pothole,1,1,0.3942
botsort,Longitudinal Crack,1,1,0.2962
botsort,Longitudinal Crack,1,1,0.2652
botsort,Longitudinal Crack,1,1,0.5091
botsort,Longitudinal Crack,1,1,0.7148
botsort,Longitudinal Crack,1,1,0.3421
botsort,Pothole,1,1,0.3221
botsort,Pothole,8,6,0.7656
botsort,Alligator Crack,5,4,0.7359
botsort,Pothole,1,1,0.2734
botsort,Pothole,1,1,0.6293
botsort,Pothole,1,1,0.459
botsort,Pothole,1,1,0.2856
botsort,Pothole,1,1,0.2723
botsort,Pothole,1,1,0.7161
botsort,Longitudinal Crack,1,1,0.53
botsort,Transverse Crack,1,1,0.283
botsort,Pothole,1,1,0.2663
botsort,Longitudinal Crack,1,1,0.3915
botsort,Pothole,1,1,0.2786
botsort,Longitudinal Crack,1,1,0.3197
botsort,Pothole,1,1,0.5341
botsort,Pothole,1,1,0.488
botsort,Pothole,1,1,0.4267
botsort,Pothole,1,1,0.2892
botsort,Pothole,1,1,0.3019
botsort,Pothole,1,1,0.2873
botsort,Pothole,1,1,0.2842
botsort,Pothole,1,1,0.4302
botsort,Transverse Crack,1,1,0.2781
botsort,Pothole,1,1,0.3957
botsort,Pothole,1,1,0.5599
botsort,Transverse Crack,1,1,0.3901
botsort,Pothole,1,1,0.4427
botsort,Transverse Crack,1,1,0.4807
botsort,Alligator Crack,1,1,0.2702
botsort,Pothole,1,1,0.517
botsort,Pothole,1,1,0.4578
botsort,Pothole,1,1,0.2828
botsort,Pothole,1,1,0.3118
botsort,Pothole,1,1,0.4538
botsort,Longitudinal Crack,1,1,0.3222
botsort,Transverse Crack,1,1,0.3075
botsort,Longitudinal Crack,1,1,0.2634
botsort,Pothole,1,1,0.5186
botsort,Longitudinal Crack,1,1,0.2814
botsort,Pothole,1,1,0.3613
botsort,Pothole,1,1,0.3003
botsort,Longitudinal Crack,1,1,0.3666
botsort,Pothole,1,1,0.5141
botsort,Pothole,2,2,0.7478
botsort,Pothole,1,1,0.2843
botsort,Pothole,1,1,0.5608
botsort,Pothole,1,1,0.4803
botsort,Pothole,1,1,0.3808
botsort,Transverse Crack,1,1,0.3321
botsort,Pothole,1,1,0.5539
botsort,Pothole,5,5,0.7642
botsort,Pothole,1,1,0.2717
botsort,Transverse Crack,1,1,0.3273
botsort,Pothole,1,1,0.4193
botsort,Longitudinal Crack,1,1,0.3169
botsort,Pothole,1,1,0.3414
botsort,Pothole,1,1,0.4715
botsort,Pothole,1,1,0.4477
botsort,Pothole,1,1,0.4429
botsort,Pothole,1,1,0.737
botsort,Pothole,1,1,0.2618
botsort,Pothole,1,1,0.3904
botsort,Pothole,1,1,0.5714
botsort,Pothole,1,1,0.2961
botsort,Longitudinal Crack,1,1,0.3009
botsort,Longitudinal Crack,1,1,0.5463
botsort,Longitudinal Crack,1,1,0.5855
botsort,Longitudinal Crack,1,1,0.2507
botsort,Pothole,1,1,0.3835
botsort,Longitudinal Crack,1,1,0.7515
botsort,Longitudinal Crack,1,1,0.2727
botsort,Longitudinal Crack,1,1,0.5205
botsort,Longitudinal Crack,1,1,0.576
botsort,Longitudinal Crack,1,1,0.3455
botsort,Longitudinal Crack,1,1,0.3993
botsort,Longitudinal Crack,1,1,0.3858
botsort,Alligator Crack,1,1,0.3221
botsort,Pothole,1,1,0.4781
botsort,Pothole,1,1,0.2655
botsort,Transverse Crack,1,1,0.2935
botsort,Pothole,1,1,0.4173
botsort,Pothole,1,1,0.2849
botsort,Pothole,1,1,0.5484
botsort,Longitudinal Crack,1,1,0.2793
botsort,Longitudinal Crack,1,1,0.2511
botsort,Pothole,1,1,0.2514
botsort,Longitudinal Crack,1,1,0.2795
botsort,Pothole,1,1,0.2724
botsort,Longitudinal Crack,1,1,0.3995
botsort,Pothole,1,1,0.6091
botsort,Pothole,1,1,0.5846
botsort,Pothole,1,1,0.6271
botsort,Longitudinal Crack,1,1,0.3624
botsort,Transverse Crack,1,1,0.3047
botsort,Transverse Crack,1,1,0.2747
botsort,Longitudinal Crack,1,1,0.6375
botsort,Longitudinal Crack,1,1,0.3625
botsort,Longitudinal Crack,1,1,0.7923
botsort,Longitudinal Crack,1,1,0.5385
botsort,Longitudinal Crack,1,1,0.3068
botsort,Pothole,1,1,0.2889
botsort,Pothole,1,1,0.547
botsort,Pothole,1,1,0.3235
botsort,Longitudinal Crack,1,1,0.3586
botsort,Pothole,1,1,0.3137
botsort,Pothole,1,1,0.3575
botsort,Pothole,1,1,0.4347
botsort,Pothole,1,1,0.35
botsort,Pothole,1,1,0.354
botsort,Longitudinal Crack,1,1,0.5503
botsort,Pothole,1,1,0.4702
botsort,Pothole,1,1,0.2994
botsort,Pothole,1,1,0.3385
botsort,Pothole,1,1,0.3375
botsort,Pothole,1,1,0.5966
botsort,Pothole,1,1,0.2936
botsort,Longitudinal Crack,1,1,0.3044
botsort,Transverse Crack,1,1,0.2726
botsort,Pothole,1,1,0.2715
botsort,Pothole,1,1,0.301
botsort,Pothole,1,1,0.2722
botsort,Longitudinal Crack,1,1,0.487
botsort,Longitudinal Crack,1,1,0.2713
botsort,Pothole,1,1,0.2664
botsort,Pothole,1,1,0.488
botsort,Pothole,1,1,0.2632
botsort,Pothole,1,1,0.5205
botsort,Alligator Crack,1,1,0.2506
botsort,Longitudinal Crack,1,1,0.2896
botsort,Pothole,1,1,0.4994
botsort,Pothole,1,1,0.3458
botsort,Pothole,1,1,0.319
botsort,Pothole,1,1,0.4113
botsort,Pothole,1,1,0.3813
botsort,Pothole,1,1,0.2648
botsort,Pothole,1,1,0.5167
botsort,Pothole,1,1,0.328
botsort,Longitudinal Crack,1,1,0.4771
botsort,Longitudinal Crack,1,1,0.2727
botsort,Pothole,1,1,0.3046
botsort,Longitudinal Crack,1,1,0.3008
botsort,Longitudinal Crack,1,1,0.286
botsort,Pothole,1,1,0.3236
botsort,Pothole,1,1,0.4835
botsort,Pothole,1,1,0.3723
botsort,Alligator Crack,1,1,0.3223
botsort,Pothole,1,1,0.3187
botsort,Pothole,1,1,0.3193
botsort,Pothole,1,1,0.5178
botsort,Pothole,1,1,0.5194
botsort,Alligator Crack,1,1,0.3772
botsort,Alligator Crack,1,1,0.2564
botsort,Longitudinal Crack,1,1,0.5387
botsort,Pothole,1,1,0.3821
botsort,Pothole,1,1,0.5086
botsort,Longitudinal Crack,1,1,0.2891
botsort,Longitudinal Crack,1,1,0.3516
botsort,Longitudinal Crack,1,1,0.5041
botsort,Pothole,1,1,0.7433
botsort,Pothole,2,2,0.5429
botsort,Longitudinal Crack,1,1,0.5541
botsort,Longitudinal Crack,1,1,0.4512
botsort,Longitudinal Crack,1,1,0.3398
botsort,Alligator Crack,1,1,0.3029
botsort,Longitudinal Crack,1,1,0.5995
botsort,Transverse Crack,1,1,0.3163
botsort,Transverse Crack,1,1,0.3953
botsort,Pothole,1,1,0.4556
botsort,Pothole,1,1,0.2827
botsort,Pothole,1,1,0.4604
botsort,Pothole,3,3,0.5927
botsort,Pothole,1,1,0.7709
botsort,Longitudinal Crack,1,1,0.2505
botsort,Pothole,1,1,0.2567
botsort,Pothole,1,1,0.5489
botsort,Pothole,1,1,0.2502
botsort,Pothole,1,1,0.4239
botsort,Longitudinal Crack,1,1,0.3281
botsort,Pothole,1,1,0.5353
botsort,Longitudinal Crack,4,4,0.6255
botsort,Pothole,1,1,0.3011
botsort,Pothole,1,1,0.2797
botsort,Pothole,1,1,0.4075
botsort,Pothole,1,1,0.5315
botsort,Pothole,1,1,0.4451
botsort,Pothole,1,1,0.6022
botsort,Pothole,1,1,0.3313
botsort,Pothole,1,1,0.4271
botsort,Pothole,1,1,0.3292
botsort,Longitudinal Crack,1,1,0.2769
botsort,Alligator Crack,1,1,0.3442
botsort,Pothole,1,1,0.2688
botsort,Alligator Crack,1,1,0.5745
botsort,Longitudinal Crack,1,1,0.466
botsort,Pothole,1,1,0.3309
botsort,Longitudinal Crack,1,1,0.4078
botsort,Pothole,1,1,0.3058
botsort,Longitudinal Crack,1,1,0.2578
botsort,Longitudinal Crack,1,1,0.4093
botsort,Longitudinal Crack,1,1,0.2638
botsort,Longitudinal Crack,1,1,0.6252
botsort,Pothole,1,1,0.281
botsort,Pothole,1,1,0.4039
botsort,Longitudinal Crack,1,1,0.6605
botsort,Pothole,1,1,0.6763
botsort,Pothole,1,1,0.323
botsort,Pothole,2,2,0.6661
botsort,Pothole,1,1,0.2575
botsort,Longitudinal Crack,1,1,0.3719
botsort,Longitudinal Crack,1,1,0.6325
botsort,Pothole,1,1,0.4793
botsort,Longitudinal Crack,1,1,0.5484
botsort,Longitudinal Crack,1,1,0.548
botsort,Longitudinal Crack,1,1,0.3276
botsort,Longitudinal Crack,1,1,0.2743
botsort,Longitudinal Crack,1,1,0.5659
botsort,Pothole,1,1,0.2765
botsort,Pothole,1,1,0.3051
botsort,Pothole,1,1,0.2962
botsort,Longitudinal Crack,1,1,0.2886
botsort,Pothole,1,1,0.4352
botsort,Longitudinal Crack,1,1,0.6854
botsort,Longitudinal Crack,1,1,0.39
botsort,Longitudinal Crack,1,1,0.4092
botsort,Longitudinal Crack,1,1,0.2785
botsort,Longitudinal Crack,1,1,0.2758
botsort,Alligator Crack,1,1,0.434
botsort,Pothole,1,1,0.2758
botsort,Longitudinal Crack,1,1,0.3418
botsort,Longitudinal Crack,1,1,0.2602
botsort,Longitudinal Crack,1,1,0.5379
botsort,Longitudinal Crack,1,1,0.7409
botsort,Longitudinal Crack,1,1,0.425
botsort,Alligator Crack,1,1,0.5071
botsort,Alligator Crack,10,7,0.6722
botsort,Alligator Crack,1,1,0.2785
botsort,Pothole,1,1,0.2881
botsort,Pothole,1,1,0.36
botsort,Pothole,1,1,0.3266
botsort,Longitudinal Crack,1,1,0.2704
botsort,Longitudinal Crack,1,1,0.3772
botsort,Pothole,1,1,0.5688
botsort,Pothole,1,1,0.2951
botsort,Longitudinal Crack,1,1,0.4623
botsort,Longitudinal Crack,1,1,0.3593
botsort,Alligator Crack,1,1,0.2678
botsort,Pothole,1,1,0.3006
botsort,Pothole,1,1,0.2848
botsort,Pothole,1,1,0.2643
botsort,Pothole,1,1,0.4458
botsort,Longitudinal Crack,1,1,0.5106
botsort,Pothole,1,1,0.3036
botsort,Alligator Crack,1,1,0.3723
botsort,Pothole,1,1,0.2647
botsort,Longitudinal Crack,1,1,0.3019
botsort,Pothole,1,1,0.6642
botsort,Pothole,1,1,0.3133
botsort,Alligator Crack,5,5,0.6297
botsort,Longitudinal Crack,1,1,0.317
botsort,Longitudinal Crack,1,1,0.4727
botsort,Longitudinal Crack,1,1,0.4697
botsort,Longitudinal Crack,1,1,0.4535
botsort,Longitudinal Crack,1,1,0.6177
botsort,Longitudinal Crack,1,1,0.2536
botsort,Longitudinal Crack,1,1,0.2591
botsort,Longitudinal Crack,1,1,0.3911
botsort,Alligator Crack,1,1,0.379
botsort,Alligator Crack,1,1,0.4429
botsort,Longitudinal Crack,1,1,0.4825
botsort,Longitudinal Crack,1,1,0.5408
botsort,Longitudinal Crack,1,1,0.4988
botsort,Longitudinal Crack,1,1,0.504
botsort,Longitudinal Crack,1,1,0.7228
botsort,Alligator Crack,1,1,0.2683
botsort,Pothole,1,1,0.3193
botsort,Longitudinal Crack,1,1,0.2914
botsort,Longitudinal Crack,1,1,0.2749
botsort,Pothole,1,1,0.4692
botsort,Longitudinal Crack,1,1,0.6832
botsort,Pothole,1,1,0.5356
botsort,Longitudinal Crack,1,1,0.29
botsort,Longitudinal Crack,1,1,0.4332
botsort,Pothole,1,1,0.5133
botsort,Pothole,1,1,0.3232
botsort,Longitudinal Crack,1,1,0.2545
botsort,Longitudinal Crack,1,1,0.3339
botsort,Alligator Crack,1,1,0.4757
botsort,Longitudinal Crack,1,1,0.2514
botsort,Pothole,1,1,0.2529
botsort,Pothole,1,1,0.2619
botsort,Longitudinal Crack,1,1,0.3425
botsort,Alligator Crack,1,1,0.3583
botsort,Alligator Crack,1,1,0.3058
botsort,Alligator Crack,1,1,0.4062
botsort,Longitudinal Crack,1,1,0.5067
botsort,Longitudinal Crack,1,1,0.3988
botsort,Longitudinal Crack,1,1,0.2619
botsort,Longitudinal Crack,1,1,0.4291
botsort,Longitudinal Crack,1,1,0.6495
botsort,Longitudinal Crack,1,1,0.7589
botsort,Longitudinal Crack,1,1,0.3901
botsort,Transverse Crack,1,1,0.2723
botsort,Pothole,1,1,0.3629
botsort,Longitudinal Crack,1,1,0.5248
botsort,Longitudinal Crack,1,1,0.4442
botsort,Pothole,1,1,0.2909
botsort,Longitudinal Crack,1,1,0.6017
botsort,Pothole,7,6,0.8387
botsort,Longitudinal Crack,1,1,0.5807
botsort,Longitudinal Crack,1,1,0.3333
botsort,Alligator Crack,1,1,0.366
botsort,Alligator Crack,1,1,0.2917
botsort,Pothole,1,1,0.3806
botsort,Longitudinal Crack,1,1,0.2714
botsort,Longitudinal Crack,1,1,0.508
botsort,Longitudinal Crack,1,1,0.6454
botsort,Longitudinal Crack,1,1,0.3651
botsort,Longitudinal Crack,1,1,0.4118
botsort,Transverse Crack,1,1,0.349
botsort,Alligator Crack,1,1,0.7655
botsort,Alligator Crack,2,2,0.5915
botsort,Pothole,2,2,0.4538
botsort,Pothole,1,1,0.4328
botsort,Alligator Crack,1,1,0.4431
botsort,Alligator Crack,1,1,0.4695
botsort,Alligator Crack,1,1,0.3505
botsort,Alligator Crack,1,1,0.2939
botsort,Longitudinal Crack,1,1,0.6485
botsort,Longitudinal Crack,1,1,0.7366
botsort,Pothole,1,1,0.408
botsort,Alligator Crack,1,1,0.2854
botsort,Alligator Crack,2,2,0.6551
botsort,Alligator Crack,1,1,0.2902
botsort,Pothole,1,1,0.3077
botsort,Alligator Crack,1,1,0.3988
botsort,Alligator Crack,1,1,0.5299
botsort,Alligator Crack,30,18,0.7411
botsort,Pothole,23,5,0.7372
botsort,Alligator Crack,1,1,0.275
botsort,Alligator Crack,1,1,0.2859
botsort,Alligator Crack,1,1,0.3206
botsort,Alligator Crack,1,1,0.276
botsort,Alligator Crack,1,1,0.3959
botsort,Alligator Crack,1,1,0.4969
botsort,Alligator Crack,1,1,0.3856
botsort,Pothole,1,1,0.2787
botsort,Pothole,1,1,0.4291
botsort,Pothole,1,1,0.6508
botsort,Pothole,3,3,0.7795
botsort,Longitudinal Crack,1,1,0.5285
botsort,Longitudinal Crack,1,1,0.5092
botsort,Longitudinal Crack,1,1,0.43
botsort,Pothole,1,1,0.5981
botsort,Pothole,1,1,0.7143
botsort,Pothole,1,1,0.5201
botsort,Pothole,1,1,0.434
botsort,Longitudinal Crack,1,1,0.2599
botsort,Longitudinal Crack,1,1,0.2726
botsort,Alligator Crack,1,1,0.3627
botsort,Alligator Crack,1,1,0.3541
botsort,Alligator Crack,1,1,0.4837
botsort,Longitudinal Crack,1,1,0.4583
botsort,Pothole,1,1,0.3106
botsort,Longitudinal Crack,1,1,0.6249
botsort,Pothole,1,1,0.3291
botsort,Pothole,1,1,0.2933
botsort,Alligator Crack,1,1,0.3324
botsort,Alligator Crack,1,1,0.4819
botsort,Alligator Crack,1,1,0.4359
botsort,Alligator Crack,1,1,0.5238
botsort,Alligator Crack,1,1,0.4944
botsort,Alligator Crack,1,1,0.3232
botsort,Alligator Crack,30,16,0.729
botsort,Alligator Crack,1,1,0.3073
botsort,Pothole,2,2,0.6995
botsort,Alligator Crack,1,1,0.3062
botsort,Transverse Crack,1,1,0.2683
botsort,Longitudinal Crack,1,1,0.3962
botsort,Transverse Crack,1,1,0.2885
botsort,Pothole,1,1,0.3555
botsort,Pothole,1,1,0.4334
botsort,Transverse Crack,1,1,0.2595
botsort,Alligator Crack,1,1,0.3407
botsort,Pothole,1,1,0.3132
botsort,Pothole,1,1,0.2631
botsort,Pothole,1,1,0.3294
botsort,Pothole,1,1,0.3395
botsort,Pothole,1,1,0.5081
botsort,Pothole,1,1,0.4329
botsort,Longitudinal Crack,1,1,0.2885
botsort,Pothole,1,1,0.4806
botsort,Longitudinal Crack,1,1,0.346
botsort,Longitudinal Crack,1,1,0.2979
botsort,Longitudinal Crack,1,1,0.4543
botsort,Pothole,1,1,0.4499
botsort,Pothole,1,1,0.4309
botsort,Pothole,1,1,0.2632
botsort,Pothole,1,1,0.4081
botsort,Pothole,1,1,0.5144
botsort,Longitudinal Crack,1,1,0.2554
botsort,Pothole,1,1,0.2506
botsort,Alligator Crack,21,3,0.4923
botsort,Pothole,23,6,0.5081
botsort,Pothole,1,1,0.4455
botsort,Transverse Crack,1,1,0.2695
botsort,Longitudinal Crack,1,1,0.277
botsort,Longitudinal Crack,1,1,0.2788
botsort,Longitudinal Crack,1,1,0.272
botsort,Longitudinal Crack,1,1,0.327
botsort,Longitudinal Crack,1,1,0.3124
botsort,Longitudinal Crack,1,1,0.2752
botsort,Longitudinal Crack,1,1,0.5727
botsort,Alligator Crack,1,1,0.4356
botsort,Longitudinal Crack,1,1,0.5488
botsort,Longitudinal Crack,1,1,0.4449
botsort,Alligator Crack,1,1,0.259
botsort,Longitudinal Crack,1,1,0.5637
botsort,Longitudinal Crack,1,1,0.5114
botsort,Longitudinal Crack,1,1,0.3095
botsort,Longitudinal Crack,1,1,0.2741
botsort,Longitudinal Crack,1,1,0.7931
botsort,Pothole,1,1,0.4097
botsort,Pothole,1,1,0.3126
botsort,Pothole,1,1,0.3909
botsort,Pothole,1,1,0.3826
botsort,Pothole,1,1,0.275
botsort,Longitudinal Crack,1,1,0.4043
botsort,Longitudinal Crack,1,1,0.2795
botsort,Longitudinal Crack,1,1,0.3367
botsort,Longitudinal Crack,1,1,0.3209
botsort,Longitudinal Crack,1,1,0.4057
botsort,Longitudinal Crack,1,1,0.6567
botsort,Longitudinal Crack,1,1,0.5629
botsort,Longitudinal Crack,1,1,0.5047
botsort,Longitudinal Crack,1,1,0.4641
botsort,Longitudinal Crack,1,1,0.3378
botsort,Longitudinal Crack,1,1,0.539
botsort,Longitudinal Crack,1,1,0.2744
botsort,Longitudinal Crack,1,1,0.565
botsort,Longitudinal Crack,1,1,0.4411
botsort,Longitudinal Crack,3,3,0.7201
botsort,Pothole,1,1,0.3103
botsort,Pothole,1,1,0.3454
botsort,Longitudinal Crack,1,1,0.388
botsort,Longitudinal Crack,1,1,0.3513
botsort,Transverse Crack,1,1,0.2942
botsort,Alligator Crack,1,1,0.6471
botsort,Alligator Crack,1,1,0.495
botsort,Alligator Crack,1,1,0.4924
botsort,Longitudinal Crack,1,1,0.5278
botsort,Longitudinal Crack,1,1,0.2814
botsort,Longitudinal Crack,1,1,0.6472
botsort,Longitudinal Crack,1,1,0.2969
botsort,Alligator Crack,1,1,0.3355
botsort,Longitudinal Crack,1,1,0.4696
botsort,Alligator Crack,1,1,0.2958
botsort,Longitudinal Crack,1,1,0.5722
botsort,Longitudinal Crack,1,1,0.2513
botsort,Longitudinal Crack,1,1,0.5781
botsort,Longitudinal Crack,1,1,0.425
botsort,Longitudinal Crack,1,1,0.3713
botsort,Pothole,1,1,0.3719
botsort,Pothole,1,1,0.31
botsort,Longitudinal Crack,1,1,0.398
botsort,Longitudinal Crack,1,1,0.3356
botsort,Longitudinal Crack,1,1,0.3248
botsort,Longitudinal Crack,1,1,0.376
botsort,Longitudinal Crack,1,1,0.4694
botsort,Pothole,1,1,0.5731
botsort,Longitudinal Crack,1,1,0.3441
botsort,Longitudinal Crack,1,1,0.4529
botsort,Longitudinal Crack,1,1,0.4013
botsort,Longitudinal Crack,1,1,0.364
botsort,Longitudinal Crack,1,1,0.3092
botsort,Alligator Crack,1,1,0.2756
botsort,Longitudinal Crack,1,1,0.508
botsort,Longitudinal Crack,1,1,0.3105
botsort,Alligator Crack,1,1,0.266
botsort,Longitudinal Crack,3,3,0.705
botsort,Pothole,1,1,0.6156
botsort,Pothole,1,1,0.2996
botsort,Alligator Crack,1,1,0.3297
botsort,Pothole,1,1,0.6025
botsort,Longitudinal Crack,1,1,0.2549
botsort,Longitudinal Crack,1,1,0.2992
botsort,Longitudinal Crack,1,1,0.2881
botsort,Alligator Crack,1,1,0.3468
botsort,Longitudinal Crack,1,1,0.2663
botsort,Longitudinal Crack,1,1,0.4107
botsort,Longitudinal Crack,1,1,0.615
botsort,Pothole,1,1,0.3523
botsort,Pothole,1,1,0.3339
botsort,Pothole,1,1,0.5919
botsort,Pothole,1,1,0.2711
botsort,Pothole,1,1,0.6091
botsort,Longitudinal Crack,1,1,0.6637
botsort,Pothole,1,1,0.2674
botsort,Pothole,1,1,0.2787
botsort,Alligator Crack,1,1,0.3383
botsort,Alligator Crack,1,1,0.4795
botsort,Alligator Crack,2,2,0.6469
botsort,Alligator Crack,1,1,0.3095
botsort,Pothole,1,1,0.2928
botsort,Alligator Crack,1,1,0.5289
botsort,Pothole,1,1,0.3887
botsort,Alligator Crack,1,1,0.2773
botsort,Alligator Crack,1,1,0.4224
botsort,Longitudinal Crack,1,1,0.4191
botsort,Alligator Crack,1,1,0.306
botsort,Alligator Crack,1,1,0.2689
botsort,Alligator Crack,1,1,0.5355
botsort,Alligator Crack,15,13,0.6932
botsort,Alligator Crack,1,1,0.2711
botsort,Alligator Crack,1,1,0.3347
botsort,Alligator Crack,1,1,0.2701
botsort,Alligator Crack,1,1,0.2749
botsort,Pothole,1,1,0.3019
botsort,Pothole,1,1,0.4739
botsort,Pothole,1,1,0.358
botsort,Pothole,2,2,0.4712
botsort,Alligator Crack,2,2,0.4608
botsort,Pothole,1,1,0.4389
botsort,Pothole,2,2,0.441
botsort,Alligator Crack,1,1,0.2975
botsort,Pothole,1,1,0.3106
botsort,Alligator Crack,1,1,0.3069
botsort,Alligator Crack,1,1,0.2767
botsort,Pothole,1,1,0.2545
botsort,Alligator Crack,1,1,0.4993
botsort,Alligator Crack,1,1,0.4935
botsort,Longitudinal Crack,1,1,0.3498
botsort,Pothole,1,1,0.3212
botsort,Pothole,1,1,0.3563
botsort,Pothole,3,2,0.4968
botsort,Pothole,1,1,0.3502
botsort,Pothole,1,1,0.3284
botsort,Alligator Crack,1,1,0.2905
botsort,Alligator Crack,1,1,0.3773
botsort,Longitudinal Crack,1,1,0.3607
botsort,Transverse Crack,1,1,0.2566
botsort,Longitudinal Crack,1,1,0.2689
botsort,Pothole,2,2,0.5716
botsort,Longitudinal Crack,1,1,0.4931
botsort,Alligator Crack,1,1,0.3182
botsort,Alligator Crack,1,1,0.3107
botsort,Pothole,1,1,0.3338
botsort,Alligator Crack,1,1,0.3558
botsort,Pothole,1,1,0.2623
botsort,Alligator Crack,1,1,0.2911
botsort,Longitudinal Crack,1,1,0.3719
botsort,Longitudinal Crack,1,1,0.3146
botsort,Longitudinal Crack,1,1,0.4532
botsort,Longitudinal Crack,1,1,0.3576
botsort,Longitudinal Crack,1,1,0.2912
botsort,Longitudinal Crack,1,1,0.5894
botsort,Longitudinal Crack,1,1,0.3122
botsort,Alligator Crack,1,1,0.2895
botsort,Pothole,1,1,0.253
botsort,Pothole,2,2,0.5657
botsort,Longitudinal Crack,1,1,0.6417
botsort,Transverse Crack,1,1,0.3238
botsort,Longitudinal Crack,7,3,0.7091
botsort,Longitudinal Crack,1,1,0.3428
botsort,Longitudinal Crack,1,1,0.2648
botsort,Pothole,3,3,0.5668
botsort,Pothole,1,1,0.3805
botsort,Longitudinal Crack,3,3,0.4709
botsort,Pothole,1,1,0.2981
botsort,Longitudinal Crack,1,1,0.5296
botsort,Pothole,1,1,0.285
botsort,Pothole,1,1,0.6719
botsort,Alligator Crack,1,1,0.2748
botsort,Alligator Crack,1,1,0.5496
botsort,Alligator Crack,1,1,0.3856
botsort,Alligator Crack,1,1,0.4852
deepocsort,Pothole,8,2,0.7098
deepocsort,Longitudinal Crack,2,2,0.5738
deepocsort,Transverse Crack,1,1,0.3251
deepocsort,Pothole,1,1,0.2862
deepocsort,Transverse Crack,1,1,0.2739
deepocsort,Longitudinal Crack,1,1,0.2666
deepocsort,Longitudinal Crack,1,1,0.3454
deepocsort,Longitudinal Crack,1,1,0.6029
deepocsort,Pothole,1,1,0.4681
deepocsort,Longitudinal Crack,1,1,0.3555
deepocsort,Longitudinal Crack,1,1,0.3128
deepocsort,Alligator Crack,1,1,0.447
deepocsort,Pothole,1,1,0.4183
deepocsort,Pothole,9,3,0.2883
deepocsort,Longitudinal Crack,1,1,0.2643
deepocsort,Longitudinal Crack,1,1,0.3025
deepocsort,Longitudinal Crack,2,2,0.3845
deepocsort,Pothole,1,1,0.5066
deepocsort,Pothole,1,1,0.4378
deepocsort,Longitudinal Crack,3,2,0.5393
deepocsort,Longitudinal Crack,6,6,0.7225
deepocsort,Longitudinal Crack,1,1,0.5562
deepocsort,Longitudinal Crack,1,1,0.2616
deepocsort,Pothole,1,1,0.3629
deepocsort,Longitudinal Crack,3,2,0.2572
deepocsort,Transverse Crack,1,1,0.3947
deepocsort,Alligator Crack,1,1,0.4525
deepocsort,Longitudinal Crack,1,1,0.6231
deepocsort,Pothole,1,1,0.2904
deepocsort,Transverse Crack,1,1,0.2632
deepocsort,Pothole,1,1,0.2606
deepocsort,Pothole,23,9,0.7656
deepocsort,Pothole,1,1,0.4161
deepocsort,Longitudinal Crack,1,1,0.3195
deepocsort,Pothole,1,1,0.3942
deepocsort,Longitudinal Crack,1,1,0.2962
deepocsort,Longitudinal Crack,3,3,0.7148
deepocsort,Longitudinal Crack,1,1,0.3421
deepocsort,Longitudinal Crack,1,1,0.2948
deepocsort,Alligator Crack,5,4,0.7359
deepocsort,Pothole,32,5,0.6293
deepocsort,Pothole,4,4,0.7161
deepocsort,Longitudinal Crack,1,1,0.53
deepocsort,Transverse Crack,1,1,0.283
deepocsort,Pothole,1,1,0.2663
deepocsort,Longitudinal Crack,1,1,0.3915
deepocsort,Pothole,1,1,0.2786
deepocsort,Longitudinal Crack,1,1,0.3197
deepocsort,Pothole,20,3,0.5341
deepocsort,Pothole,2,2,0.4267
deepocsort,Pothole,11,3,0.4427
deepocsort,Transverse Crack,1,1,0.2781
deepocsort,Pothole,2,2,0.5599
deepocsort,Transverse Crack,1,1,0.3901
deepocsort,Transverse Crack,1,1,0.4807
deepocsort,Alligator Crack,1,1,0.2702
deepocsort,Pothole,1,1,0.4578
deepocsort,Pothole,1,1,0.3118
deepocsort,Pothole,1,1,0.4538
deepocsort,Longitudinal Crack,1,1,0.3222
deepocsort,Transverse Crack,1,1,0.3075
deepocsort,Longitudinal Crack,1,1,0.2634
deepocsort,Pothole,1,1,0.5186
deepocsort,Longitudinal Crack,1,1,0.2814
deepocsort,Pothole,6,4,0.7478
deepocsort,Pothole,1,1,0.3003
deepocsort,Longitudinal Crack,1,1,0.3666
deepocsort,Pothole,3,3,0.5608
deepocsort,Pothole,1,1,0.3808
deepocsort,Transverse Crack,1,1,0.3321
deepocsort,Pothole,6,6,0.7642
deepocsort,Longitudinal Crack,1,1,0.3608
deepocsort,Pothole,10,2,0.4193
deepocsort,Transverse Crack,1,1,0.3273
deepocsort,Longitudinal Crack,1,1,0.3169
deepocsort,Pothole,3,3,0.4715
deepocsort,Longitudinal Crack,1,1,0.2704
deepocsort,Pothole,2,2,0.737
deepocsort,Pothole,1,1,0.2618
deepocsort,Pothole,1,1,0.3904
deepocsort,Pothole,1,1,0.5714
deepocsort,Pothole,1,1,0.2961
deepocsort,Longitudinal Crack,19,2,0.3858
deepocsort,Longitudinal Crack,1,1,0.5463
deepocsort,Longitudinal Crack,2,2,0.7515
deepocsort,Longitudinal Crack,1,1,0.2507
deepocsort,Pothole,1,1,0.3835
deepocsort,Longitudinal Crack,1,1,0.2727
deepocsort,Longitudinal Crack,3,3,0.576
deepocsort,Longitudinal Crack,1,1,0.3993
deepocsort,Alligator Crack,1,1,0.3221
deepocsort,Pothole,1,1,0.4781
deepocsort,Pothole,1,1,0.2655
deepocsort,Transverse Crack,1,1,0.2935
deepocsort,Pothole,1,1,0.4173
deepocsort,Pothole,2,2,0.5484
deepocsort,Longitudinal Crack,1,1,0.2793
deepocsort,Longitudinal Crack,1,1,0.2511
deepocsort,Pothole,1,1,0.2514
deepocsort,Longitudinal Crack,2,2,0.3995
deepocsort,Pothole,1,1,0.2724
deepocsort,Pothole,1,1,0.6091
deepocsort,Pothole,1,1,0.5846
deepocsort,Pothole,1,1,0.6271
deepocsort,Longitudinal Crack,1,1,0.3624
deepocsort,Transverse Crack,1,1,0.3047
deepocsort,Transverse Crack,1,1,0.2747
deepocsort,Longitudinal Crack,17,3,0.6375
deepocsort,Longitudinal Crack,1,1,0.3625
deepocsort,Longitudinal Crack,1,1,0.7923
deepocsort,Longitudinal Crack,1,1,0.5385
deepocsort,Pothole,11,2,0.3235
deepocsort,Pothole,1,1,0.547
deepocsort,Pothole,1,1,0.3137
deepocsort,Pothole,2,2,0.4347
deepocsort,Transverse Crack,1,1,0.2533
deepocsort,Pothole,2,2,0.354
deepocsort,Longitudinal Crack,1,1,0.5503
deepocsort,Pothole,1,1,0.4702
deepocsort,Pothole,1,1,0.2994
deepocsort,Pothole,5,2,0.3385
deepocsort,Pothole,1,1,0.3375
deepocsort,Pothole,1,1,0.5966
deepocsort,Longitudinal Crack,1,1,0.3044
deepocsort,Transverse Crack,1,1,0.2726
deepocsort,Pothole,1,1,0.2715
deepocsort,Pothole,1,1,0.301
deepocsort,Pothole,1,1,0.2722
deepocsort,Longitudinal Crack,1,1,0.487
deepocsort,Longitudinal Crack,1,1,0.2713
deepocsort,Pothole,26,3,0.4994
deepocsort,Pothole,26,4,0.5167
deepocsort,Pothole,1,1,0.2632
deepocsort,Pothole,1,1,0.5205
deepocsort,Alligator Crack,1,1,0.2506
deepocsort,Longitudinal Crack,1,1,0.2896
deepocsort,Pothole,20,2,0.3458
deepocsort,Pothole,23,3,0.4835
deepocsort,Pothole,1,1,0.328
deepocsort,Longitudinal Crack,1,1,0.4771
deepocsort,Longitudinal Crack,1,1,0.2727
deepocsort,Pothole,1,1,0.3046
deepocsort,Longitudinal Crack,1,1,0.3008
deepocsort,Longitudinal Crack,1,1,0.286
deepocsort,Alligator Crack,1,1,0.3223
deepocsort,Pothole,1,1,0.3187
deepocsort,Pothole,16,3,0.5086
deepocsort,Pothole,1,1,0.5178
deepocsort,Pothole,1,1,0.5194
deepocsort,Alligator Crack,5,2,0.3772
deepocsort,Longitudinal Crack,1,1,0.5387
deepocsort,Longitudinal Crack,12,2,0.5041
deepocsort,Longitudinal Crack,1,1,0.3516
deepocsort,Pothole,3,3,0.7433
deepocsort,Longitudinal Crack,1,1,0.5541
deepocsort,Longitudinal Crack,1,1,0.4512
deepocsort,Longitudinal Crack,1,1,0.3398
deepocsort,Alligator Crack,1,1,0.3029
deepocsort,Longitudinal Crack,1,1,0.5995
deepocsort,Transverse Crack,1,1,0.3163
deepocsort,Transverse Crack,1,1,0.3953
deepocsort,Pothole,16,5,0.5927
deepocsort,Pothole,1,1,0.2827
deepocsort,Pothole,1,1,0.7709
deepocsort,Longitudinal Crack,1,1,0.2505
deepocsort,Pothole,1,1,0.2567
deepocsort,Pothole,6,3,0.5489
deepocsort,Pothole,1,1,0.2502
deepocsort,Longitudinal Crack,1,1,0.3281
deepocsort,Pothole,41,10,0.6022
deepocsort,Longitudinal Crack,4,4,0.6255
deepocsort,Transverse Crack,1,1,0.3753
deepocsort,Pothole,1,1,0.3011
deepocsort,Pothole,1,1,0.5315
deepocsort,Pothole,1,1,0.3313
deepocsort,Longitudinal Crack,6,2,0.466
deepocsort,Alligator Crack,3,2,0.5745
deepocsort,Longitudinal Crack,1,1,0.4078
deepocsort,Longitudinal Crack,1,1,0.2578
deepocsort,Longitudinal Crack,1,1,0.4093
deepocsort,Longitudinal Crack,1,1,0.2638
deepocsort,Longitudinal Crack,1,1,0.6252
deepocsort,Pothole,1,1,0.281
deepocsort,Pothole,1,1,0.4039
deepocsort,Longitudinal Crack,17,3,0.6605
deepocsort,Pothole,3,3,0.6763
deepocsort,Pothole,1,1,0.323
deepocsort,Pothole,4,2,0.4793
deepocsort,Longitudinal Crack,1,1,0.6325
deepocsort,Longitudinal Crack,3,3,0.5484
deepocsort,Pothole,1,1,0.309
deepocsort,Longitudinal Crack,1,1,0.3276
deepocsort,Longitudinal Crack,1,1,0.5659
deepocsort,Pothole,17,2,0.2765
deepocsort,Pothole,4,2,0.3051
deepocsort,Longitudinal Crack,1,1,0.2886
deepocsort,Pothole,1,1,0.4352
deepocsort,Longitudinal Crack,3,2,0.6854
deepocsort,Longitudinal Crack,1,1,0.39
deepocsort,Longitudinal Crack,1,1,0.4092
deepocsort,Longitudinal Crack,1,1,0.2758
deepocsort,Alligator Crack,1,1,0.434
deepocsort,Longitudinal Crack,1,1,0.3418
deepocsort,Longitudinal Crack,4,4,0.7409
deepocsort,Alligator Crack,4,2,0.5181
deepocsort,Alligator Crack,11,9,0.6722
deepocsort,Longitudinal Crack,1,1,0.2558
deepocsort,Pothole,4,4,0.4656
deepocsort,Pothole,6,3,0.3266
deepocsort,Longitudinal Crack,1,1,0.3524
deepocsort,Longitudinal Crack,3,3,0.3772
deepocsort,Longitudinal Crack,1,1,0.3235
deepocsort,Pothole,1,1,0.5688
deepocsort,Longitudinal Crack,1,1,0.4623
deepocsort,Longitudinal Crack,1,1,0.3593
deepocsort,Alligator Crack,22,8,0.6297
deepocsort,Pothole,10,3,0.3006
deepocsort,Pothole,4,3,0.4458
deepocsort,Longitudinal Crack,1,1,0.5106
deepocsort,Longitudinal Crack,1,1,0.2773
deepocsort,Longitudinal Crack,1,1,0.3019
deepocsort,Pothole,1,1,0.6642
deepocsort,Pothole,1,1,0.3133
deepocsort,Pothole,5,2,0.3569
deepocsort,Longitudinal Crack,1,1,0.317
deepocsort,Longitudinal Crack,20,3,0.4727
deepocsort,Longitudinal Crack,1,1,0.4697
deepocsort,Longitudinal Crack,7,3,0.6177
deepocsort,Longitudinal Crack,7,2,0.4825
deepocsort,Longitudinal Crack,1,1,0.3911
deepocsort,Alligator Crack,2,2,0.4429
deepocsort,Longitudinal Crack,1,1,0.5408
deepocsort,Longitudinal Crack,2,2,0.504
deepocsort,Longitudinal Crack,2,2,0.7228
deepocsort,Alligator Crack,1,1,0.2683
deepocsort,Pothole,1,1,0.3193
deepocsort,Longitudinal Crack,1,1,0.2749
deepocsort,Pothole,1,1,0.4692
deepocsort,Longitudinal Crack,1,1,0.6832
deepocsort,Pothole,1,1,0.5356
deepocsort,Longitudinal Crack,1,1,0.29
deepocsort,Longitudinal Crack,1,1,0.4332
deepocsort,Pothole,2,2,0.5133
deepocsort,Longitudinal Crack,1,1,0.2545
deepocsort,Longitudinal Crack,1,1,0.3339
deepocsort,Alligator Crack,7,3,0.4757
deepocsort,Longitudinal Crack,15,3,0.4291
deepocsort,Pothole,2,2,0.2619
deepocsort,Alligator Crack,1,1,0.3058
deepocsort,Longitudinal Crack,1,1,0.5067
deepocsort,Longitudinal Crack,1,1,0.3988
deepocsort,Longitudinal Crack,1,1,0.2619
deepocsort,Longitudinal Crack,3,3,0.7589
deepocsort,Transverse Crack,1,1,0.2723
deepocsort,Pothole,10,9,0.8387
deepocsort,Longitudinal Crack,4,2,0.5248
deepocsort,Longitudinal Crack,1,1,0.4442
deepocsort,Longitudinal Crack,5,2,0.6017
deepocsort,Longitudinal Crack,1,1,0.4155
deepocsort,Pothole,7,2,0.36
deepocsort,Longitudinal Crack,1,1,0.6261
deepocsort,Pothole,1,1,0.3978
deepocsort,Pothole,1,1,0.3541
deepocsort,Pothole,1,1,0.3987
deepocsort,Longitudinal Crack,1,1,0.3333
deepocsort,Alligator Crack,2,2,0.366
deepocsort,Pothole,1,1,0.3806
deepocsort,Longitudinal Crack,1,1,0.2714
deepocsort,Longitudinal Crack,1,1,0.508
deepocsort,Longitudinal Crack,1,1,0.6454
deepocsort,Longitudinal Crack,2,2,0.4118
deepocsort,Transverse Crack,1,1,0.349
deepocsort,Alligator Crack,80,41,0.7655
deepocsort,Pothole,4,3,0.5736
deepocsort,Pothole,1,1,0.4328
deepocsort,Longitudinal Crack,1,1,0.6485
deepocsort,Longitudinal Crack,1,1,0.7366
deepocsort,Pothole,1,1,0.408
deepocsort,Pothole,1,1,0.3077
deepocsort,Pothole,2,2,0.3099
deepocsort,Pothole,1,1,0.583
deepocsort,Pothole,23,5,0.7372
deepocsort,Longitudinal Crack,2,2,0.3849
deepocsort,Pothole,8,6,0.7795
deepocsort,Longitudinal Crack,2,2,0.5285
deepocsort,Longitudinal Crack,1,1,0.5092
deepocsort,Pothole,1,1,0.5981
deepocsort,Pothole,1,1,0.7143
deepocsort,Pothole,2,2,0.5201
deepocsort,Longitudinal Crack,2,2,0.2726
deepocsort,Alligator Crack,4,3,0.4837
deepocsort,Longitudinal Crack,2,2,0.6249
deepocsort,Pothole,4,3,0.3291
deepocsort,Alligator Crack,22,12,0.5895
deepocsort,Alligator Crack,18,12,0.729
deepocsort,Pothole,2,2,0.6995
deepocsort,Pothole,2,2,0.3534
deepocsort,Transverse Crack,1,1,0.2683
deepocsort,Longitudinal Crack,1,1,0.3962
deepocsort,Transverse Crack,1,1,0.2885
deepocsort,Pothole,1,1,0.3555
deepocsort,Pothole,1,1,0.4334
deepocsort,Transverse Crack,1,1,0.2595
deepocsort,Alligator Crack,1,1,0.3407
deepocsort,Pothole,44,7,0.5144
deepocsort,Pothole,2,2,0.5081
deepocsort,Longitudinal Crack,1,1,0.2885
deepocsort,Longitudinal Crack,1,1,0.2979
deepocsort,Longitudinal Crack,1,1,0.346
deepocsort,Longitudinal Crack,1,1,0.4543
deepocsort,Pothole,1,1,0.4499
deepocsort,Pothole,1,1,0.4309
deepocsort,Pothole,1,1,0.2632
deepocsort,Longitudinal Crack,1,1,0.2554
deepocsort,Pothole,6,6,0.4394
deepocsort,Alligator Crack,3,2,0.4923
deepocsort,Pothole,5,3,0.4455
deepocsort,Transverse Crack,1,1,0.2695
deepocsort,Longitudinal Crack,1,1,0.277
deepocsort,Longitudinal Crack,3,2,0.2788
deepocsort,Longitudinal Crack,6,2,0.2978
deepocsort,Longitudinal Crack,1,1,0.327
deepocsort,Longitudinal Crack,1,1,0.3124
deepocsort,Longitudinal Crack,5,5,0.7931
deepocsort,Alligator Crack,5,3,0.4356
deepocsort,Longitudinal Crack,5,4,0.6831
deepocsort,Alligator Crack,1,1,0.259
deepocsort,Longitudinal Crack,1,1,0.5637
deepocsort,Longitudinal Crack,1,1,0.2741
deepocsort,Pothole,1,1,0.511
deepocsort,Pothole,3,3,0.5081
deepocsort,Pothole,2,2,0.6256
deepocsort,Pothole,2,2,0.3909
deepocsort,Pothole,1,1,0.3826
deepocsort,Pothole,1,1,0.275
deepocsort,Longitudinal Crack,19,3,0.5629
deepocsort,Longitudinal Crack,26,5,0.5047
deepocsort,Longitudinal Crack,1,1,0.3367
deepocsort,Longitudinal Crack,1,1,0.3209
deepocsort,Longitudinal Crack,1,1,0.4057
deepocsort,Longitudinal Crack,1,1,0.6567
deepocsort,Longitudinal Crack,1,1,0.4641
deepocsort,Longitudinal Crack,2,2,0.539
deepocsort,Longitudinal Crack,5,5,0.7201
deepocsort,Alligator Crack,1,1,0.261
deepocsort,Pothole,1,1,0.3103
deepocsort,Pothole,1,1,0.3454
deepocsort,Longitudinal Crack,1,1,0.388
deepocsort,Transverse Crack,1,1,0.2942
deepocsort,Alligator Crack,5,3,0.6471
deepocsort,Longitudinal Crack,1,1,0.5278
deepocsort,Longitudinal Crack,5,3,0.6472
deepocsort,Longitudinal Crack,1,1,0.2969
deepocsort,Alligator Crack,2,2,0.3355
deepocsort,Longitudinal Crack,1,1,0.5722
deepocsort,Longitudinal Crack,3,3,0.5781
deepocsort,Longitudinal Crack,1,1,0.425
deepocsort,Pothole,1,1,0.3719
deepocsort,Pothole,1,1,0.31
deepocsort,Longitudinal Crack,1,1,0.398
deepocsort,Longitudinal Crack,1,1,0.3356
deepocsort,Longitudinal Crack,3,3,0.4694
deepocsort,Pothole,1,1,0.5731
deepocsort,Longitudinal Crack,1,1,0.3441
deepocsort,Longitudinal Crack,1,1,0.4529
deepocsort,Longitudinal Crack,9,6,0.705
deepocsort,Longitudinal Crack,1,1,0.364
deepocsort,Alligator Crack,20,3,0.3297
deepocsort,Longitudinal Crack,1,1,0.3105
deepocsort,Pothole,1,1,0.409
deepocsort,Pothole,1,1,0.254
deepocsort,Pothole,1,1,0.6156
deepocsort,Pothole,1,1,0.2996
deepocsort,Pothole,1,1,0.6025
deepocsort,Longitudinal Crack,1,1,0.2549
deepocsort,Longitudinal Crack,11,2,0.615
deepocsort,Longitudinal Crack,1,1,0.2881
deepocsort,Alligator Crack,1,1,0.3468
deepocsort,Longitudinal Crack,1,1,0.2663
deepocsort,Longitudinal Crack,28,2,0.6637
deepocsort,Pothole,1,1,0.3523
deepocsort,Pothole,1,1,0.3339
deepocsort,Pothole,28,3,0.5919
deepocsort,Pothole,1,1,0.6091
deepocsort,Pothole,1,1,0.2674
deepocsort,Alligator Crack,10,6,0.6469
deepocsort,Pothole,1,1,0.2928
deepocsort,Pothole,1,1,0.3887
deepocsort,Alligator Crack,5,3,0.4224
deepocsort,Longitudinal Crack,1,1,0.4191
deepocsort,Alligator Crack,42,27,0.6932
deepocsort,Longitudinal Crack,1,1,0.4365
deepocsort,Longitudinal Crack,1,1,0.32
deepocsort,Pothole,1,1,0.3019
deepocsort,Pothole,9,4,0.4739
deepocsort,Pothole,7,5,0.441
deepocsort,Pothole,1,1,0.2545
deepocsort,Longitudinal Crack,1,1,0.6079
deepocsort,Longitudinal Crack,1,1,0.3498
deepocsort,Pothole,5,4,0.4968
deepocsort,Pothole,2,2,0.3502
deepocsort,Alligator Crack,2,2,0.3773
deepocsort,Longitudinal Crack,2,2,0.3607
deepocsort,Transverse Crack,1,1,0.2566
deepocsort,Pothole,2,2,0.5716
deepocsort,Longitudinal Crack,1,1,0.4931
deepocsort,Alligator Crack,1,1,0.3182
deepocsort,Alligator Crack,1,1,0.3107
deepocsort,Pothole,1,1,0.3338
deepocsort,Alligator Crack,1,1,0.3558
deepocsort,Pothole,1,1,0.2623
deepocsort,Alligator Crack,11,2,0.2911
deepocsort,Longitudinal Crack,3,2,0.3719
deepocsort,Longitudinal Crack,1,1,0.3146
deepocsort,Longitudinal Crack,1,1,0.4532
deepocsort,Longitudinal Crack,1,1,0.2912
deepocsort,Longitudinal Crack,1,1,0.5894
deepocsort,Longitudinal Crack,1,1,0.3122
deepocsort,Pothole,3,3,0.5657
deepocsort,Longitudinal Crack,11,8,0.7091
deepocsort,Transverse Crack,1,1,0.3238
deepocsort,Longitudinal Crack,2,2,0.2648
deepocsort,Pothole,1,1,0.5309
deepocsort,Pothole,4,4,0.5668
deepocsort,Longitudinal Crack,1,1,0.3184
deepocsort,Pothole,1,1,0.2981
deepocsort,Longitudinal Crack,1,1,0.5296
deepocsort,Pothole,1,1,0.285
deepocsort,Pothole,1,1,0.6719
deepocsort,Alligator Crack,8,4,0.5496
